1,24,products_images/add/full_img_2648855.jpg
2,24,products_images/add/full_img_2648856.jpg
3,24,products_images/add/full_img_2648857.jpg
4,23,products_images/add/full_img_2421128.jpg
5,23,products_images/add/full_img_2421129.jpg
6,22,products_images/add/full_img_2645755.jpg
7,22,products_images/add/full_img_2645756.jpg
8,21,products_images/add/full_img_2408149.jpg
9,21,products_images/add/full_img_2408150.jpg
10,20,products_images/add/full_img_2555449.jpg
11,20,products_images/add/full_img_2555450.jpg
12,20,products_images/add/full_img_2555451.jpg
13,19,products_images/add/full_img_2547639.jpg
14,19,products_images/add/full_img_2547640.jpg
15,19,products_images/add/full_img_2547641.jpg
16,18,products_images/add/full_img_2425179.jpg
17,18,products_images/add/full_img_2425180.jpg
18,18,products_images/add/full_img_2425181.jpg
19,17,products_images/add/full_img_2425173.jpg
20,17,products_images/add/full_img_2425174.jpg
21,17,products_images/add/full_img_2425175.jpg
22,16,products_images/add/full_img_2429744.jpg
23,16,products_images/add/full_img_2429746.jpg
24,16,products_images/add/full_img_2429747.jpg
25,15,products_images/add/full_img_2534633.jpg
26,15,products_images/add/full_img_2534636.jpg
27,15,products_images/add/full_img_2534637.jpg
28,14,products_images/add/full_img_2199110.jpg
29,14,products_images/add/full_img_2199114.jpg
30,14,products_images/add/full_img_2199115.jpg
31,13,products_images/add/full_img_2522453.jpg
32,13,products_images/add/full_img_2522454.jpg
33,13,products_images/add/full_img_2522455.jpg
34,12,products_images/add/full_img_2437908.jpg
35,12,products_images/add/full_img_2437909.jpg
36,12,products_images/add/full_img_2437910.jpg
37,11,products_images/add/full_img_2276571.jpg
38,11,products_images/add/full_img_2276572.jpg
39,11,products_images/add/full_img_2276574.jpg
40,10,products_images/add/full_img_2645641.jpg
41,10,products_images/add/full_img_2645642.jpg
42,9,products_images/add/full_img_2191483.jpg
43,9,products_images/add/full_img_2191484.jpg
44,9,products_images/add/full_img_2191485.jpg
45,8,products_images/add/full_img_2548678.jpg
46,8,products_images/add/full_img_2548679.jpg
47,8,products_images/add/full_img_2548680.jpg
48,7,products_images/add/full_img_2528831.jpg
49,7,products_images/add/full_img_2528832.jpg
50,7,products_images/add/full_img_2528833.jpg
51,6,products_images/add/full_img_2541253.jpg
52,6,products_images/add/full_img_2541255.jpg
53,6,products_images/add/full_img_2541256.jpg
54,5,products_images/add/full_img_2556355.jpg
55,5,products_images/add/full_img_2556356.jpg
56,5,products_images/add/full_img_2556357.jpg
57,4,products_images/add/full_img_2494528.jpg
58,4,products_images/add/full_img_2494529.jpg
59,4,products_images/add/full_img_2494530.jpg
60,3,products_images/add/full_img_2478224.jpg
61,3,products_images/add/full_img_2478225.jpg
62,3,products_images/add/full_img_2478226.jpg
63,2,products_images/add/full_img_2567197.jpg
64,2,products_images/add/full_img_2567198.jpg
65,2,products_images/add/full_img_2567199.jpg
66,1,products_images/add/full_img_2425026.jpg
67,1,products_images/add/full_img_2425027.jpg
68,1,products_images/add/full_img_2425028.jpg 